{
  "n_requests": 306,
  "data_dir": "data/local/model/split",
  "has_split": true,
  "q1_stage_dropoff": {
    "AP": {
      "mean": 1.0,
      "std": 0.0
    },
    "PM": {
      "mean": 0.35905212108292367,
      "std": 0.1502035258878923
    },
    "AI": {
      "mean": 0.08427143058877107,
      "std": 0.050023539112631285
    },
    "AF": {
      "mean": 0.022273293568196666,
      "std": 0.020274181304273182
    }
  },
  "q2_route_uniqueness": {
    "forced_retrieval": {
      "avg_candidates": 64.31372549019608,
      "avg_unique": 57.48039215686274,
      "avg_unique_positives": 4.209150326797386,
      "avg_overlap": 0.11076993464052289
    },
    "prod_model": {
      "avg_candidates": 100.0,
      "avg_unique": 90.75490196078431,
      "avg_unique_positives": 6.316993464052287,
      "avg_overlap": 0.09245098039215686
    },
    "pselect": {
      "avg_candidates": 100.0,
      "avg_unique": 86.1797385620915,
      "avg_unique_positives": 9.526143790849673,
      "avg_overlap": 0.13820261437908496
    }
  },
  "q3_ml_vs_heuristic": {
    "ml_value": {
      "avg_value_preserved": 0.013300187204592095,
      "avg_positive_preservation": 0.7328128545403707
    },
    "heuristic_cosine": {
      "avg_value_preserved": 0.0,
      "avg_positive_preservation": 0.6850636086747193
    }
  },
  "q4_hsnn_budget": {
    "2": {
      "avg_recall_at_100": 0.11553002600965805,
      "avg_compute_savings": 0.8100319562471621
    },
    "3": {
      "avg_recall_at_100": 0.11833920002552262,
      "avg_compute_savings": 0.7076904995392901
    },
    "5": {
      "avg_recall_at_100": 0.12340569473732033,
      "avg_compute_savings": 0.5001108846353693
    },
    "8": {
      "avg_recall_at_100": 0.12860462104934742,
      "avg_compute_savings": 0.19499781575596944
    }
  },
  "q5_prod_vs_exploration": {
    "prod_only": {
      "avg_recall_at_100": 0.12196754644718613,
      "delta_vs_prod_only": 0.0
    },
    "prod + hsnn_cluster": {
      "avg_recall_at_100": 0.12886453782572702,
      "delta_vs_prod_only": 0.006896991378540884
    },
    "prod + anti_negative": {
      "avg_recall_at_100": 0.14514016504995694,
      "delta_vs_prod_only": 0.02317261860277081
    },
    "prod + cluster_explorer": {
      "avg_recall_at_100": 0.14525943378875605,
      "delta_vs_prod_only": 0.023291887341569922
    },
    "prod + similar_ads": {
      "avg_recall_at_100": 0.16038853877899614,
      "delta_vs_prod_only": 0.03842099233181001
    }
  }
}