{
  "run_id": "run_306_v6_sonnet",
  "n_requests": 35,
  "aggregate": {
    "recall@10": {
      "mean": 0.018242870601857284,
      "std": 0.016307638559285017,
      "median": 0.012195121951219513,
      "ci_95": [
        0.013164151637494277,
        0.023933048672497754
      ]
    },
    "recall@20": {
      "mean": 0.037438652336208036,
      "std": 0.0242363956388067,
      "median": 0.030612244897959183,
      "ci_95": [
        0.029681062700437,
        0.04594600813915581
      ]
    },
    "recall@50": {
      "mean": 0.08959030072004649,
      "std": 0.04923776834393407,
      "median": 0.08,
      "ci_95": [
        0.07451815023616114,
        0.10603699471930296
      ]
    },
    "recall@100": {
      "mean": 0.1790961290412999,
      "std": 0.08312155955628196,
      "median": 0.17346938775510204,
      "ci_95": [
        0.15365942511021624,
        0.20735461377513845
      ]
    },
    "precision@10": {
      "mean": 0.17428571428571424,
      "std": 0.15918158031067567,
      "median": 0.1,
      "ci_95": [
        0.12285714285714285,
        0.22857142857142856
      ]
    },
    "precision@20": {
      "mean": 0.17857142857142855,
      "std": 0.11788960591873004,
      "median": 0.15,
      "ci_95": [
        0.14,
        0.22003571428571422
      ]
    },
    "precision@50": {
      "mean": 0.17085714285714282,
      "std": 0.09696454222539078,
      "median": 0.16,
      "ci_95": [
        0.14057142857142857,
        0.2022857142857143
      ]
    },
    "precision@100": {
      "mean": 0.16971428571428576,
      "std": 0.07911964590003508,
      "median": 0.17,
      "ci_95": [
        0.14514285714285716,
        0.19572142857142855
      ]
    },
    "ndcg@10": {
      "mean": 0.18513439562047054,
      "std": 0.1709692333456164,
      "median": 0.20483424751859092,
      "ci_95": [
        0.1310536767275332,
        0.24550825608149146
      ]
    },
    "ndcg@20": {
      "mean": 0.1843053213924442,
      "std": 0.12945633753048902,
      "median": 0.1606373070201721,
      "ci_95": [
        0.14350120372822273,
        0.22964754860264927
      ]
    },
    "ndcg@50": {
      "mean": 0.17661946176802376,
      "std": 0.10040567279391992,
      "median": 0.15141488396101385,
      "ci_95": [
        0.14482419504121682,
        0.2111108382630957
      ]
    },
    "ndcg@100": {
      "mean": 0.18009825557221032,
      "std": 0.08334197539590824,
      "median": 0.16874420227837378,
      "ci_95": [
        0.15501478332184335,
        0.20876656952442335
      ]
    }
  },
  "per_request": [
    {
      "n_positives": 85,
      "n_ranked": 304,
      "recall@10": 0.011764705882352941,
      "precision@10": 0.1,
      "ndcg@10": 0.2200917662980802,
      "recall@20": 0.011764705882352941,
      "precision@20": 0.05,
      "ndcg@20": 0.1420400396336573,
      "recall@50": 0.047058823529411764,
      "precision@50": 0.08,
      "ndcg@50": 0.12433142032355717,
      "recall@100": 0.12941176470588237,
      "precision@100": 0.11,
      "ndcg@100": 0.14604175058522345,
      "request_id": 1886337504
    },
    {
      "n_positives": 76,
      "n_ranked": 315,
      "recall@10": 0.0,
      "precision@10": 0.0,
      "ndcg@10": 0.0,
      "recall@20": 0.02631578947368421,
      "precision@20": 0.1,
      "ndcg@20": 0.07366303835498346,
      "recall@50": 0.10526315789473684,
      "precision@50": 0.16,
      "ndcg@50": 0.1324673909387292,
      "recall@100": 0.27631578947368424,
      "precision@100": 0.21,
      "ndcg@100": 0.21927593846763394,
      "request_id": 1892904454
    },
    {
      "n_positives": 100,
      "n_ranked": 300,
      "recall@10": 0.0,
      "precision@10": 0.0,
      "ndcg@10": 0.0,
      "recall@20": 0.0,
      "precision@20": 0.0,
      "ndcg@20": 0.0,
      "recall@50": 0.02,
      "precision@50": 0.04,
      "ndcg@50": 0.02949417964399869,
      "recall@100": 0.09,
      "precision@100": 0.09,
      "ndcg@100": 0.07297585762784498,
      "request_id": 1895548930
    },
    {
      "n_positives": 100,
      "n_ranked": 286,
      "recall@10": 0.03,
      "precision@10": 0.3,
      "ndcg@10": 0.2687374555268953,
      "recall@20": 0.06,
      "precision@20": 0.3,
      "ndcg@20": 0.28368531516760015,
      "recall@50": 0.11,
      "precision@50": 0.22,
      "ndcg@50": 0.2301385420890514,
      "recall@100": 0.22,
      "precision@100": 0.22,
      "ndcg@100": 0.22518970713621847,
      "request_id": 190764799
    },
    {
      "n_positives": 100,
      "n_ranked": 297,
      "recall@10": 0.01,
      "precision@10": 0.1,
      "ndcg@10": 0.06362078819895173,
      "recall@20": 0.02,
      "precision@20": 0.1,
      "ndcg@20": 0.07944341755227195,
      "recall@50": 0.06,
      "precision@50": 0.12,
      "ndcg@50": 0.10643463934797164,
      "recall@100": 0.13,
      "precision@100": 0.13,
      "ndcg@100": 0.11946088562172297,
      "request_id": 1913763777
    },
    {
      "n_positives": 100,
      "n_ranked": 297,
      "recall@10": 0.0,
      "precision@10": 0.0,
      "ndcg@10": 0.0,
      "recall@20": 0.01,
      "precision@20": 0.05,
      "ndcg@20": 0.038384638165382894,
      "recall@50": 0.08,
      "precision@50": 0.16,
      "ndcg@50": 0.12584694391705656,
      "recall@100": 0.18,
      "precision@100": 0.18,
      "ndcg@100": 0.1531161791715041,
      "request_id": 191455278
    },
    {
      "n_positives": 100,
      "n_ranked": 313,
      "recall@10": 0.02,
      "precision@10": 0.2,
      "ndcg@10": 0.2895229882348575,
      "recall@20": 0.03,
      "precision@20": 0.15,
      "ndcg@20": 0.22028617462004252,
      "recall@50": 0.05,
      "precision@50": 0.1,
      "ndcg@50": 0.15141488396101385,
      "recall@100": 0.11,
      "precision@100": 0.11,
      "ndcg@100": 0.13785673967569914,
      "request_id": 1915523714
    },
    {
      "n_positives": 83,
      "n_ranked": 312,
      "recall@10": 0.012048192771084338,
      "precision@10": 0.1,
      "ndcg@10": 0.06943122193677728,
      "recall@20": 0.03614457831325301,
      "precision@20": 0.15,
      "ndcg@20": 0.11299630768525379,
      "recall@50": 0.060240963855421686,
      "precision@50": 0.1,
      "ndcg@50": 0.09161629805911738,
      "recall@100": 0.1566265060240964,
      "precision@100": 0.13,
      "ndcg@100": 0.13464599236324953,
      "request_id": 1916264415
    },
    {
      "n_positives": 100,
      "n_ranked": 314,
      "recall@10": 0.02,
      "precision@10": 0.2,
      "ndcg@10": 0.20483424751859092,
      "recall@20": 0.03,
      "precision@20": 0.15,
      "ndcg@20": 0.1718144022506761,
      "recall@50": 0.05,
      "precision@50": 0.1,
      "ndcg@50": 0.12332881579056547,
      "recall@100": 0.17,
      "precision@100": 0.17,
      "ndcg@100": 0.16874420227837378,
      "request_id": 1923677569
    },
    {
      "n_positives": 100,
      "n_ranked": 311,
      "recall@10": 0.03,
      "precision@10": 0.3,
      "ndcg@10": 0.22466337602289158,
      "recall@20": 0.06,
      "precision@20": 0.3,
      "ndcg@20": 0.24972167574448265,
      "recall@50": 0.14,
      "precision@50": 0.28,
      "ndcg@50": 0.26099145978274285,
      "recall@100": 0.21,
      "precision@100": 0.21,
      "ndcg@100": 0.2134405981237323,
      "request_id": 1925192353
    },
    {
      "n_positives": 100,
      "n_ranked": 374,
      "recall@10": 0.02,
      "precision@10": 0.2,
      "ndcg@10": 0.20511666732794362,
      "recall@20": 0.04,
      "precision@20": 0.2,
      "ndcg@20": 0.20279485996289634,
      "recall@50": 0.12,
      "precision@50": 0.24,
      "ndcg@50": 0.22668885541689274,
      "recall@100": 0.18,
      "precision@100": 0.18,
      "ndcg@100": 0.18443643238561064,
      "request_id": 1930227486
    },
    {
      "n_positives": 99,
      "n_ranked": 286,
      "recall@10": 0.04040404040404041,
      "precision@10": 0.4,
      "ndcg@10": 0.3971921948634017,
      "recall@20": 0.0707070707070707,
      "precision@20": 0.35,
      "ndcg@20": 0.36670018243495195,